INSERT INTO [shifts] ([Name],[Requirement]) VALUES ('Wed10',3);
INSERT INTO [shifts] ([Name],[Requirement]) VALUES ('Sat6',6);
INSERT INTO [shifts] ([Name],[Requirement]) VALUES ('Tue9',2);
INSERT INTO [shifts] ([Name],[Requirement]) VALUES ('Fri12',6);
INSERT INTO [shifts] ([Name],[Requirement]) VALUES ('Thu11',4);
INSERT INTO [shifts] ([Name],[Requirement]) VALUES ('Thu4',4);
INSERT INTO [shifts] ([Name],[Requirement]) VALUES ('Tue2',2);
INSERT INTO [shifts] ([Name],[Requirement]) VALUES ('Sun7',5);
INSERT INTO [shifts] ([Name],[Requirement]) VALUES ('Mon1',3);
INSERT INTO [shifts] ([Name],[Requirement]) VALUES ('Sat13',7);
INSERT INTO [shifts] ([Name],[Requirement]) VALUES ('Wed3',4);
INSERT INTO [shifts] ([Name],[Requirement]) VALUES ('Sun14',5);
INSERT INTO [shifts] ([Name],[Requirement]) VALUES ('Fri5',5);
INSERT INTO [shifts] ([Name],[Requirement]) VALUES ('Mon8',2);
INSERT INTO [workers] ([Name],[Payment]) VALUES ('Amy',10);
INSERT INTO [workers] ([Name],[Payment]) VALUES ('Gu',11);
INSERT INTO [workers] ([Name],[Payment]) VALUES ('Cathy',10);
INSERT INTO [workers] ([Name],[Payment]) VALUES ('Ed',8);
INSERT INTO [workers] ([Name],[Payment]) VALUES ('Dan',8);
INSERT INTO [workers] ([Name],[Payment]) VALUES ('Bob',12);
INSERT INTO [workers] ([Name],[Payment]) VALUES ('Fred',9);
INSERT INTO [availability] ([Worker],[Shift]) VALUES ('Bob','Fri5');
INSERT INTO [availability] ([Worker],[Shift]) VALUES ('Cathy','Sat13');
INSERT INTO [availability] ([Worker],[Shift]) VALUES ('Dan','Sun14');
INSERT INTO [availability] ([Worker],[Shift]) VALUES ('Ed','Tue9');
INSERT INTO [availability] ([Worker],[Shift]) VALUES ('Ed','Sun7');
INSERT INTO [availability] ([Worker],[Shift]) VALUES ('Amy','Fri5');
INSERT INTO [availability] ([Worker],[Shift]) VALUES ('Cathy','Tue9');
INSERT INTO [availability] ([Worker],[Shift]) VALUES ('Dan','Fri5');
INSERT INTO [availability] ([Worker],[Shift]) VALUES ('Amy','Wed3');
INSERT INTO [availability] ([Worker],[Shift]) VALUES ('Gu','Sun7');
INSERT INTO [availability] ([Worker],[Shift]) VALUES ('Dan','Wed3');
INSERT INTO [availability] ([Worker],[Shift]) VALUES ('Amy','Sun7');
INSERT INTO [availability] ([Worker],[Shift]) VALUES ('Cathy','Thu11');
INSERT INTO [availability] ([Worker],[Shift]) VALUES ('Bob','Sat13');
INSERT INTO [availability] ([Worker],[Shift]) VALUES ('Bob','Mon1');
INSERT INTO [availability] ([Worker],[Shift]) VALUES ('Cathy','Wed3');
INSERT INTO [availability] ([Worker],[Shift]) VALUES ('Dan','Tue2');
INSERT INTO [availability] ([Worker],[Shift]) VALUES ('Fred','Sat6');
INSERT INTO [availability] ([Worker],[Shift]) VALUES ('Amy','Tue9');
INSERT INTO [availability] ([Worker],[Shift]) VALUES ('Ed','Mon8');
INSERT INTO [availability] ([Worker],[Shift]) VALUES ('Gu','Wed10');
INSERT INTO [availability] ([Worker],[Shift]) VALUES ('Gu','Fri5');
INSERT INTO [availability] ([Worker],[Shift]) VALUES ('Dan','Fri12');
INSERT INTO [availability] ([Worker],[Shift]) VALUES ('Dan','Wed10');
INSERT INTO [availability] ([Worker],[Shift]) VALUES ('Cathy','Fri12');
INSERT INTO [availability] ([Worker],[Shift]) VALUES ('Gu','Mon1');
INSERT INTO [availability] ([Worker],[Shift]) VALUES ('Gu','Sat6');
INSERT INTO [availability] ([Worker],[Shift]) VALUES ('Gu','Wed3');
INSERT INTO [availability] ([Worker],[Shift]) VALUES ('Dan','Sat6');
INSERT INTO [availability] ([Worker],[Shift]) VALUES ('Dan','Sat13');
INSERT INTO [availability] ([Worker],[Shift]) VALUES ('Fred','Sun14');
INSERT INTO [availability] ([Worker],[Shift]) VALUES ('Fred','Tue9');
INSERT INTO [availability] ([Worker],[Shift]) VALUES ('Gu','Sat13');
INSERT INTO [availability] ([Worker],[Shift]) VALUES ('Cathy','Mon8');
INSERT INTO [availability] ([Worker],[Shift]) VALUES ('Bob','Tue2');
INSERT INTO [availability] ([Worker],[Shift]) VALUES ('Amy','Tue2');
INSERT INTO [availability] ([Worker],[Shift]) VALUES ('Fred','Tue2');
INSERT INTO [availability] ([Worker],[Shift]) VALUES ('Amy','Thu11');
INSERT INTO [availability] ([Worker],[Shift]) VALUES ('Gu','Fri12');
INSERT INTO [availability] ([Worker],[Shift]) VALUES ('Fred','Sat13');
INSERT INTO [availability] ([Worker],[Shift]) VALUES ('Gu','Mon8');
INSERT INTO [availability] ([Worker],[Shift]) VALUES ('Amy','Sun14');
INSERT INTO [availability] ([Worker],[Shift]) VALUES ('Bob','Mon8');
INSERT INTO [availability] ([Worker],[Shift]) VALUES ('Fred','Fri12');
INSERT INTO [availability] ([Worker],[Shift]) VALUES ('Bob','Sat6');
INSERT INTO [availability] ([Worker],[Shift]) VALUES ('Cathy','Fri5');
INSERT INTO [availability] ([Worker],[Shift]) VALUES ('Ed','Thu11');
INSERT INTO [availability] ([Worker],[Shift]) VALUES ('Ed','Wed3');
INSERT INTO [availability] ([Worker],[Shift]) VALUES ('Cathy','Sun14');
INSERT INTO [availability] ([Worker],[Shift]) VALUES ('Amy','Fri12');
INSERT INTO [availability] ([Worker],[Shift]) VALUES ('Ed','Sun14');
INSERT INTO [availability] ([Worker],[Shift]) VALUES ('Cathy','Sun7');
INSERT INTO [availability] ([Worker],[Shift]) VALUES ('Fred','Mon8');
INSERT INTO [availability] ([Worker],[Shift]) VALUES ('Gu','Tue2');
INSERT INTO [availability] ([Worker],[Shift]) VALUES ('Gu','Tue9');
INSERT INTO [availability] ([Worker],[Shift]) VALUES ('Fred','Wed3');
INSERT INTO [availability] ([Worker],[Shift]) VALUES ('Dan','Mon8');
INSERT INTO [availability] ([Worker],[Shift]) VALUES ('Fred','Mon1');
INSERT INTO [availability] ([Worker],[Shift]) VALUES ('Dan','Thu11');
INSERT INTO [availability] ([Worker],[Shift]) VALUES ('Dan','Tue9');
INSERT INTO [availability] ([Worker],[Shift]) VALUES ('Ed','Mon1');
INSERT INTO [availability] ([Worker],[Shift]) VALUES ('Ed','Fri5');
INSERT INTO [availability] ([Worker],[Shift]) VALUES ('Cathy','Wed10');
INSERT INTO [availability] ([Worker],[Shift]) VALUES ('Ed','Sat13');
INSERT INTO [availability] ([Worker],[Shift]) VALUES ('Ed','Tue2');
INSERT INTO [availability] ([Worker],[Shift]) VALUES ('Gu','Sun14');
INSERT INTO [availability] ([Worker],[Shift]) VALUES ('Amy','Wed10');
INSERT INTO [availability] ([Worker],[Shift]) VALUES ('Gu','Thu11');
INSERT INTO [availability] ([Worker],[Shift]) VALUES ('Ed','Thu4');
INSERT INTO [availability] ([Worker],[Shift]) VALUES ('Bob','Thu11');
INSERT INTO [availability] ([Worker],[Shift]) VALUES ('Amy','Sat13');
INSERT INTO [availability] ([Worker],[Shift]) VALUES ('Cathy','Thu4');
