INSERT INTO inpCategories (name,minNutrition,maxNutrition) VALUES ('protein',91.0,'inf');
INSERT INTO inpCategories (name,minNutrition,maxNutrition) VALUES ('calories',1800.0,2200.0);
INSERT INTO inpCategories (name,minNutrition,maxNutrition) VALUES ('fat',0.0,65.0);
INSERT INTO inpCategories (name,minNutrition,maxNutrition) VALUES ('sodium',0.0,1779.0);
INSERT INTO inpFoods (name,cost) VALUES ('hamburger',2.49);
INSERT INTO inpFoods (name,cost) VALUES ('salad',2.49);
INSERT INTO inpFoods (name,cost) VALUES ('hot dog',1.5);
INSERT INTO inpFoods (name,cost) VALUES ('fries',1.89);
INSERT INTO inpFoods (name,cost) VALUES ('macaroni',2.09);
INSERT INTO inpFoods (name,cost) VALUES ('chicken',2.89);
INSERT INTO inpFoods (name,cost) VALUES ('milk',0.89);
INSERT INTO inpFoods (name,cost) VALUES ('ice cream',1.59);
INSERT INTO inpFoods (name,cost) VALUES ('pizza',1.99);
INSERT INTO inpNutritionQuantities (food,category,qty) VALUES ('ice cream','protein',8.0);
INSERT INTO inpNutritionQuantities (food,category,qty) VALUES ('ice cream','fat',10.0);
INSERT INTO inpNutritionQuantities (food,category,qty) VALUES ('fries','sodium',270.0);
INSERT INTO inpNutritionQuantities (food,category,qty) VALUES ('fries','calories',380.0);
INSERT INTO inpNutritionQuantities (food,category,qty) VALUES ('hamburger','fat',26.0);
INSERT INTO inpNutritionQuantities (food,category,qty) VALUES ('macaroni','sodium',930.0);
INSERT INTO inpNutritionQuantities (food,category,qty) VALUES ('hot dog','sodium',1800.0);
INSERT INTO inpNutritionQuantities (food,category,qty) VALUES ('chicken','sodium',1190.0);
INSERT INTO inpNutritionQuantities (food,category,qty) VALUES ('salad','calories',320.0);
INSERT INTO inpNutritionQuantities (food,category,qty) VALUES ('ice cream','calories',330.0);
INSERT INTO inpNutritionQuantities (food,category,qty) VALUES ('milk','sodium',125.0);
INSERT INTO inpNutritionQuantities (food,category,qty) VALUES ('salad','sodium',1230.0);
INSERT INTO inpNutritionQuantities (food,category,qty) VALUES ('pizza','sodium',820.0);
INSERT INTO inpNutritionQuantities (food,category,qty) VALUES ('pizza','protein',15.0);
INSERT INTO inpNutritionQuantities (food,category,qty) VALUES ('pizza','calories',320.0);
INSERT INTO inpNutritionQuantities (food,category,qty) VALUES ('hamburger','calories',410.0);
INSERT INTO inpNutritionQuantities (food,category,qty) VALUES ('milk','fat',2.5);
INSERT INTO inpNutritionQuantities (food,category,qty) VALUES ('salad','protein',31.0);
INSERT INTO inpNutritionQuantities (food,category,qty) VALUES ('milk','protein',8.0);
INSERT INTO inpNutritionQuantities (food,category,qty) VALUES ('macaroni','fat',10.0);
INSERT INTO inpNutritionQuantities (food,category,qty) VALUES ('salad','fat',12.0);
INSERT INTO inpNutritionQuantities (food,category,qty) VALUES ('hot dog','fat',32.0);
INSERT INTO inpNutritionQuantities (food,category,qty) VALUES ('chicken','fat',10.0);
INSERT INTO inpNutritionQuantities (food,category,qty) VALUES ('chicken','protein',32.0);
INSERT INTO inpNutritionQuantities (food,category,qty) VALUES ('fries','protein',4.0);
INSERT INTO inpNutritionQuantities (food,category,qty) VALUES ('pizza','fat',12.0);
INSERT INTO inpNutritionQuantities (food,category,qty) VALUES ('milk','calories',100.0);
INSERT INTO inpNutritionQuantities (food,category,qty) VALUES ('ice cream','sodium',180.0);
INSERT INTO inpNutritionQuantities (food,category,qty) VALUES ('chicken','calories',420.0);
INSERT INTO inpNutritionQuantities (food,category,qty) VALUES ('hamburger','sodium',730.0);
INSERT INTO inpNutritionQuantities (food,category,qty) VALUES ('macaroni','calories',320.0);
INSERT INTO inpNutritionQuantities (food,category,qty) VALUES ('fries','fat',19.0);
INSERT INTO inpNutritionQuantities (food,category,qty) VALUES ('hot dog','calories',560.0);
INSERT INTO inpNutritionQuantities (food,category,qty) VALUES ('hot dog','protein',20.0);
INSERT INTO inpNutritionQuantities (food,category,qty) VALUES ('macaroni','protein',12.0);
INSERT INTO inpNutritionQuantities (food,category,qty) VALUES ('hamburger','protein',24.0);
